qubit;depth;reads;cov
47.2;219.96;16820;91.519
80.6;61.05955924;30738;89.616
6.28;77.4;7587;80.447
15.7;403.5701;30721;97.037
41.2;220.6106;17116;96.081
3.74;799.84;63638;98.679
23.8;196.2339;16756;97.843
27.8;243.9383;19420;98.706
20.4;2346.6338;183216;98.763
47.4;230.8681403;18734;94.305
34.8;173.5894;13360;85.938
7.2;496.32;39194;98.669
85.4;95.63739424;40993;96.857
25.6;732.0;56652;99.595
5.28;68.8;6156;83.089
78.2;593.5629;45702;98.679
68.8;3328.3178;258004;98.799
15.7;412.3;31905;98.866
36.4;230.364;17880;94.017
72.6;566.9847841;49469;97.82
61.0;940.5068;73161;93.114
7.06;116.0;10048;90.663
28.4;233.4449;17815;92.262
7.38;679.0;29617;70.685
14.1;446.8;34524;97.95
15.9;1144.4189;89383;95.131
16.0;191.3;14832;87.296
47.8;579.4432;44860;97.646
21.4;610.8;48298;98.679
32.9;939.51;74739;98.679
19.0;796.2;61488;98.679
16.9;311.0462;23711;95.375
23.2;664.0;70093;97.813
44.0;177.6049;13797;91.148
24.5;989.0;76394;99.595
66.0;452.0;35021;98.68
16.3;347.7772;26941;91.292
17.6;790.2;60489;99.595
28.6;422.87;33372;98.669
63.0;115.3385613;51985;93.114
11.7;440.0;34013;100.0
34.6;616.5852;46944;93.114
28.0;516.5405;40214;95.867
7.3;324.45;25616;94.957
25.0;1508.0522;117089;93.114
34.0;98.53506337;8757;89.927
26.6;194.6817;15334;97.134
11.9;703.0;54800;75.38
71.4;66.84857707;29440;93.385
20.8;581.0;46167;98.679
15.8;353.1715;28163;92.121
18.5;322.7592;26939;97.937
27.2;334.24;26834;96.248
7.86;15.53;1222;18.971
58.4;247.0;19336;95.198
28.3;510.3;38870;55.392
10.0;121.9;9305;82.804
19.2;585.0;45607;100.0
3.83;3.2;259;1.094
10.5;1267.69;98930;98.679
32.6;267.6539;20797;96.395
35.8;403.7762;31038;94.178
14.5;94.45;8118;86.65
7.04;9.449;779;10.012
10.9;252.8718;20199;87.667
52.2;461.7801558;35157;96.826
67.0;388.5917132;30199;96.816
19.5;312.7122;25779;98.82
71.4;385.1055078;30421;96.823
27.8;126.8590108;12006;91.606
32.8;769.5354;58021;99.579
20.2;242.0;19585;96.1
28.6;1.019529813;1432;19.878
34.2;196.3809;15125;88.851
25.8;593.4;46743;98.679
28.2;1002.3387;77535;98.632
19.6;738.34;56522;99.595
10.4;558.0;43532;98.679
13.6;173.377;13569;81.547
25.4;548.639;42741;96.873
43.2;1179.3028;89904;99.579
39.4;443.5879;34477;96.994
45.4;277.0824666;22944;93.629
60.8;197.97;16162;97.93
23.6;303.921;23205;93.114
27.6;670.0;63687;97.81
51.6;47.83399659;23106;88.593
20.3;598.0;46384;98.743
106.0;102.7793532;52432;96.994
30.4;808.3;61906;98.602
55.4;456.727;34561;93.506
37.8;513.5235;39503;91.268
13.1;487.0;39614;99.595
28.6;1415.8553;109681;97.836
14.9;97.4763;9645;88.312
31.8;188.5825;14598;89.406
18.4;299.0;24582;97.95
40.0;319.0;29833;93.977
25.2;1233.0;95178;97.81
30.0;274.5747;21039;93.114
30.6;378.0;37445;94.549
49.9;276.9822;21612;89.673
29.2;1195.2616;92333;95.927
8.46;57.5014547;6006;72.822
1.76;885.02;69332;98.679
96.2;2256.8075;175531;95.82
25.0;1151.4298;89287;97.773
59.0;508.7063;38650;95.027
22.8;297.4999;25154;97.823
24.9;580.8;44673;98.679
20.3;635.2;49477;99.595
17.9;225.2933;19643;97.943
34.2;25.52101796;13673;82.206
25.7;574.4;45654;98.679
8.6;83.5334;6582;66.428
92.6;80.83516704;35507;94.298
15.8;136.4121;10515;79.226
49.4;593.8167074;44617;97.82
24.2;889.8917;68971;97.927
19.8;849.1;66825;98.679
84.9;1774.9085;137904;95.87
11.7;1.013309701;2567;36.873
15.4;222.6942;17777;88.784
26.4;730.6339;55864;93.325
98.4;52.74788483;26973;94.348
68.8;36.58616192;15904;91.516
24.4;278.0676;21729;94.158
15.6;677.8;53974;98.652
23.2;282.0;22685;95.225
23.0;997.7818;77597;99.579
14.3;847.8494;66779;88.299
18.8;557.1;42974;98.866
20.6;204.8889;15638;85.109
47.6;943.414;72828;96.994
12.9;253.8413;19548;86.814
7.28;3.4283;283;0.0
47.2;463.5214;35398;93.114
19.2;561.0;53173;100.0
35.0;138.3576564;12618;89.927
34.6;276.4557;21640;98.82
23.2;260.8382;22171;97.823
12.9;495.76;37588;97.937
18.5;328.2;27230;98.679
24.0;663.0132;51541;97.866
21.3;903.0;70010;99.595
3.08;40.0;3299;76.972
63.4;692.88;54612;98.679
7.9;38.8913;3426;56.777
9.8;753.4438;56735;98.84
31.2;526.1924;40753;95.87
5.8;104.4516;8170;90.493
46.4;492.6071;38266;98.662
22.6;213.0;18560;98.361
36.4;328.5471;25441;99.579
30.4;557.3822;43630;98.706
19.4;1292.8;99294;98.679
65.2;608.1855;46099;94.91
29.8;302.0;29895;94.97
42.0;1337.0165;104148;93.114
8.4;105.5796;9480;89.386
39.4;356.383;27743;99.579
42.9;682.6149;52956;95.87
22.8;52.55399124;5428;76.347
4.06;1206.0;16831;75.919
42.2;169.0075912;14538;92.606
43.4;100.0;7980;88.714
20.6;292.6451;22952;97.943
44.4;1634.2137;123654;99.579
9.59;191.0;16451;96.298
2.02;40.4;3344;76.203
29.6;1896.7096;141443;99.579
15.7;440.5143;33140;98.696
33.4;608.7657;47301;96.134
20.4;148.8149;11489;91.492
20.0;1383.5441;105909;99.579
17.2;92.3986;7133;74.879
57.4;504.1144367;37454;97.82
51.4;51.07838678;25481;91.412
5.06;57.3;4798;76.417
24.6;641.9878;49594;99.579
47.8;3306.8709;246322;99.579
29.8;1244.6433;96494;97.866
43.0;695.0171;53799;96.977
4.12;6.6028;566;1.164
13.6;273.0716;22763;98.696
67.8;895.3582;69716;97.646
14.8;533.0;42138;99.595
48.6;166.7540046;16152;91.342
49.2;286.2271;21875;93.114
48.8;335.7018359;25747;96.883
17.2;433.5577;32806;96.99
22.4;360.0438;27666;90.416
12.1;81.127;7999;84.018
30.2;221.6475;17054;85.888
30.0;459.0;45972;93.954
20.2;2202.4127;164568;99.579
40.4;637.5004;49353;98.662
25.6;4.690766813;17087;51.51
26.0;430.7509;33904;97.014
62.8;2719.7773;211507;97.866
54.0;1764.5923;136898;95.071
30.6;318.4339;24748;98.696
33.0;488.0;38398;98.68
38.2;960.9408;73798;97.539
20.2;326.0;25631;97.094
24.6;511.0;40003;93.011
8.7;66.5439;5198;73.558
41.8;811.4316;62622;96.994
34.0;718.1631;54974;99.579
22.6;1511.9638;113144;99.579
69.8;835.531;63194;96.0
23.8;558.3935;43380;96.014
29.6;1692.9219;126589;99.579
11.1;57.0;4503;60.897
45.5;381.7654;29350;92.128
16.2;1009.4;77197;98.866
32.0;400.0;41836;93.954
30.2;1147.2577;89056;99.595
5.39;2.1;174;0.0
58.8;50.60508979;24711;93.195
6.82;73.5005;5776;61.793
46.2;1159.0;118837;98.743
22.6;1780.5701;133180;99.579
22.2;1049.0;81099;98.679
24.6;372.7265;29124;94.335
47.0;49.3205364;23087;91.466
27.6;1416.0;109049;99.595
9.77;1080.2;83173;98.666
6.26;617.71;48586;98.679
21.3;361.5;28423;98.679
31.2;678.1;52215;99.595
16.4;121.2446;10858;92.616
32.8;328.0;33361;95.265
22.4;313.0;31371;92.359
13.4;172.5966;14600;94.653
14.6;332.9;25686;56.439
45.4;724.3454;55934;96.994
2.36;508.24;40074;96.826
25.2;627.5892;48222;99.579
19.1;118.0;20606;81.48
16.9;648.0;44381;91.536
19.8;1532.5634;118768;96.92
53.6;49.51366084;23703;89.556
14.9;201.0;17616;97.749
62.4;528.0;40885;97.79
11.2;405.3;31461;56.125
18.3;344.0;55833;55.429
35.2;219.8201;16716;89.824
48.0;1024.4299;79891;95.87
63.8;2056.56;161420;98.679
13.2;105.8021;8181;69.461
40.2;278.8002;22265;99.579
29.8;364.359;27749;93.114
5.5;271.2975;20598;95.275
19.1;91.8843;8526;83.249
34.4;730.0;76304;98.743
21.2;159.5979;12242;91.185
32.6;140.0036786;12303;91.71
92.6;50.19299067;21399;92.673
33.2;691.3405;53522;95.87
32.4;166.0684881;13413;96.02
7.56;9.1903;766;5.642
50.8;1146.3591;87357;96.994
11.4;537.0;54547;95.087
38.4;176.6183;13568;86.005
26.4;884.9903;68493;96.994
75.4;78.55061365;35879;95.141
11.3;102.0;16495;79.915
17.0;596.2667;45849;98.84
31.2;398.3736;30580;93.325
3.96;833.53;65338;98.679
50.8;470.1663;36710;96.094
13.7;345.912;26966;89.576
20.2;580.3;44726;98.866
22.2;670.4099;50943;98.706
104.0;3461.0529;270057;98.799
22.8;503.3677;39192;94.248
28.2;897.5816;68237;94.79
62.6;2525.1011;196458;0.0
91.0;2631.2794;205169;98.799
16.9;290.4;22536;93.017
28.8;185.0985;14196;88.015
74.8;88.01892787;38954;94.017
30.8;1016.28;79254;99.595
44.6;1855.3219;145041;97.866
67.0;46.82797713;21730;92.094
15.0;265.416;21111;90.516
120.0;1813.4225;141241;95.87
21.6;430.2883;32523;97.823
19.0;507.0;61449;74.31
28.6;608.6;47113;98.679
18.0;458.4;35917;98.679
26.4;641.3;48968;98.866
16.3;467.6;36275;98.679
33.2;167.7775;13369;97.937
56.8;863.9673;67580;97.866
10.4;106.0033;9388;85.456
16.6;355.8523;29889;98.335
10.5;58.9247;5630;72.103
25.6;604.6;47682;98.679
17.5;702.0;55413;82.12
8.8;46.4583;3699;68.254
77.0;6152.8652;477778;98.679
20.2;638.0;49316;98.679
42.2;2622.9;206472;99.595
7.24;24.2806;1980;23.101
49.4;439.749;34172;97.646
9.84;326.0;26216;97.95
26.6;230.3891;19281;98.696
23.0;2160.8811;167804;93.114
47.4;828.8422;62867;98.783
35.6;1318.1081;101232;99.579
20.8;981.5033;75329;96.95
31.6;659.7824;51242;96.873
42.4;69.34364445;30980;92.533
9.98;36.5;2914;64.08
6.5;204.9;15769;95.138
37.9;215.9514;16912;84.149
19.3;237.0;18887;93.048
27.4;10.54071498;10495;65.288
27.0;143.0771;12216;93.977
20.2;141.0;11357;90.539
6.28;513.25;40332;98.679
21.0;278.2353;23690;97.198
9.5;123.676;10816;92.181
19.2;384.0;30448;97.82
33.6;265.2404;20368;87.864
6.18;18.0167;1607;24.981
33.2;713.1151;55332;95.87
12.7;1141.4174;89693;93.114
25.6;288.374;22635;99.579
12.5;435.0;37379;97.82
5.56;129.0;36371;100.0
5.3;5.0;431;0.0
15.1;779.2;58438;99.579
51.4;639.4468;49369;96.994
29.8;99.61425275;8623;88.871
24.2;858.6503;66592;94.198
24.2;491.184;37752;94.97
19.6;55.97598903;6038;74.006
46.6;767.6736;59327;96.994
4.04;4.0;337;0.0
9.26;339.0;29077;93.328
23.0;81.17065177;7915;83.283
60.6;133.0955757;10188;92.506
4.72;8.6231;681;0.0
10.7;69.6142;5556;66.498
12.0;943.23;74192;98.679
25.8;1666.4754;124724;99.579
27.4;330.0;25963;93.05
15.8;212.0;16865;93.315
20.8;5856.09;455228;98.679
28.0;48.0;3769;66.23
10.1;468.691;35514;96.395
77.8;82.43988897;35804;91.268
7.9;127.5458;10629;92.961
10.9;347.8;26984;56.101
4.7;65.0;6044;84.67
21.8;322.3164;25165;93.094
56.2;467.7657;36980;97.014
63.1;950.7728;74003;92.272
27.6;954.5884;74058;99.595
14.7;548.02;43054;98.679
21.4;290.1768;22127;92.262
5.68;0.7851;64;0.0
34.2;1085.0306;82687;95.171
16.2;386.8;29907;96.826
22.0;274.0;21726;93.298
79.0;46.5000836;21107;91.322
16.0;1020.9287;80048;95.071
46.2;2094.69;165094;99.595
17.4;485.0;38864;97.02
16.1;719.7302;57223;99.579
12.2;3.714242718;5023;43.089
31.3;664.0;51238;99.595
80.0;1435.1682;108465;96.994
11.6;111.34;8998;76.845
116.0;89.33588603;43644;96.0
55.2;338.0202;26311;92.954
72.0;45.51700498;19280;93.302
11.9;333.5027;26665;93.262
3.52;56.0;4631;84.259
40.2;325.384;25492;99.579
80.7;2128.8933;165292;98.943
33.6;212.0;20704;92.359
21.8;121.0;11249;91.365
3.84;1238.06;95976;98.662
8.9;211.9465;16141;94.77
70.2;449.0161522;34657;97.686
110.0;80.88228606;37730;96.0
17.6;262.6128;22638;98.442
14.7;74.5;6091;84.92
9.8;163.62;12868;79.674
7.04;112.0;9402;89.359
23.6;280.0;31999;94.318
40.4;298.5984;24054;98.696
14.6;526.0;41597;99.595
62.4;686.6924;53188;98.01
39.8;156.5076748;12771;92.506
30.5;687.1;53774;98.679
4.45;3.3;272;0.0
20.3;723.7;57583;98.679
7.12;367.91;29046;92.342
22.6;0.8253;67;1.174
22.4;905.4;69824;98.679
23.6;747.9205;57273;99.579
31.4;714.0;77106;95.987
3.92;8.2013;679;0.0
21.4;1006.9478;78179;96.92
28.2;641.0;49711;98.803
30.6;897.4312;69854;97.866
23.6;425.7;32940;99.595
23.6;604.7918;46357;93.114
18.0;114.9448;10392;85.67
65.6;488.0;37786;97.1
6.66;408.26;32252;98.679
6.42;99.0;7817;82.9
18.0;283.527;24464;97.064
61.4;120.1479116;56412;95.87
18.0;463.3;35689;97.873
7.25;194.7;15014;94.148
90.6;50.29027188;22983;92.104
15.8;788.85;60308;88.255
49.4;1139.3166;87962;98.01
17.7;484.8;38776;98.679
17.9;633.1185;48888;90.325
36.2;379.7287;29387;95.87
16.4;1703.5676;132755;95.191
17.5;421.2164;33848;99.579
7.2;16.119;1264;22.643
19.2;546.5;41999;97.619
10.8;290.404;23129;89.56
13.4;336.6241;26179;87.045
20.6;269.5647;23065;97.893
11.4;515.3048;40414;93.185
18.7;76.7999;6658;78.006
33.2;653.3262;50117;98.706
18.3;297.4;24336;97.95
8.62;38.2;21727;96.964
20.6;2060.3183;154138;99.579
44.2;718.4845;55485;96.994
16.6;490.9;38061;99.595
19.1;491.0;37908;95.602
29.2;420.0373;32763;96.873
14.5;261.7;21470;96.984
10.2;135.0;12172;95.79
17.3;688.2;52875;97.619
32.6;493.4089;37526;93.114
12.5;385.5;31112;99.595
22.6;1440.7372;107860;99.579
18.0;301.996;23594;93.318
17.1;1495.2098;111847;99.579
17.1;951.1958;74048;94.984
25.3;466.6;36597;97.686
37.4;278.3813;22048;99.579
34.2;34.04023008;16733;91.185
29.2;384.0;30233;93.954
52.8;269.0;20929;96.96
12.8;54.21225295;7150;72.973
7.3;1.2497;106;0.943
7.5;66.8731;5261;74.805
36.0;841.9812;64898;99.579
49.8;2148.37;170538;96.964
34.2;296.4438;22671;88.409
39.8;2078.87;164998;96.094
25.0;337.0;30237;96.793
9.06;420.0716;33938;96.255
37.2;890.8126;68876;96.994
14.7;71.32043608;6445;82.162
26.0;327.1927;25200;89.78
31.6;1061.9533;82505;95.131
8.48;4.7472;389;0.0
17.6;821.2327;61728;98.706
45.4;920.0496;71087;96.994
31.6;96.7503;7911;91.579
33.6;136.0;13364;94.619
28.8;399.7929;31220;94.047
11.6;752.0;58121;95.325
25.5;491.0;39068;99.595
8.5;90.4106;7107;65.054
44.4;308.6393673;23426;96.034
8.88;307.0;26358;98.679
13.5;37.7551;3028;52.801
2.5;431.73;34292;97.111
62.4;352.5799084;30156;95.004
31.8;123.2531184;11298;91.673
26.0;976.9511;75733;95.131
26.4;1734.2808;129657;99.579
37.6;191.5506;15194;97.064
21.4;113.5651;8810;74.829
13.3;652.79;50788;98.679
36.2;262.1934923;21179;95.305
28.2;303.6603;23212;87.657
28.9;789.0;60621;99.595
34.8;93.55014547;8619;86.944
67.0;568.554125;46015;95.84
27.0;1600.9;126454;98.679
2.58;697.33;54868;98.679
4.8;9.9595;838;8.959
16.0;795.6575;60810;93.114
38.1;628.6344;49022;89.78
40.4;965.0;74748;95.81
39.0;193.0;15526;100.0
6.5;102.4;9331;90.185
83.8;64.73828713;27441;91.272
9.78;111.7378;8888;76.604
20.8;480.336;38157;98.82
12.3;307.975;24190;92.452
3.36;443.87;34946;98.679
14.4;404.4;34784;98.679
44.0;287.8415;22700;98.696
31.0;2027.8749;158358;96.994
51.8;516.0;39774;98.68
7.44;89.3;6910;64.495
14.7;83.0;6567;81.21
6.44;1155.22;90262;98.669
5.29;72.7;5697;81.069
29.3;1031.3;79095;99.595
33.2;257.8334;20190;94.158
10.6;160.2;12338;91.202
6.32;193.916;15352;78.119
11.9;397.9;31929;98.679
31.2;247.8917;18952;90.345
35.8;301.7608;23047;93.114
4.08;101.0;8533;92.466
39.8;595.0;68464;98.662
23.6;609.1949;47503;96.873
31.6;602.79;48600;97.95
3.8;58.0368;4702;53.332
13.7;1017.4111;76182;99.579
40.8;302.0;26812;98.662
23.2;592.4;48440;98.679
12.9;300.0;25263;98.679
19.8;855.0;66208;99.595
24.7;1152.0;88614;98.679
51.0;201.1743638;17130;93.064
68.8;1315.67;103484;98.679
24.2;1069.2824;82820;94.141
21.0;155.0;22516;100.0
8.06;281.7747;22175;81.657
27.2;252.852;19383;90.389
6.2;108.0;9021;70.919
13.5;472.2499;35456;85.52
26.0;267.6295;20473;92.262
43.2;429.88;33854;95.067
14.1;881.3379;69332;93.114
52.8;733.3179;56519;96.994
48.2;748.4422;57863;99.579
14.0;433.6124;34197;92.175
15.3;132.0;36343;56.162
28.4;2071.93;161903;98.662
37.4;150.8575059;13092;93.506
6.36;10.2044;840;8.969
30.0;777.3;60906;98.679
34.2;1433.5393;110507;99.595
20.8;98.97234391;9221;88.038
41.6;373.9119;28418;93.114
20.8;195.7993;14986;83.982
24.6;277.2068;21220;92.262
51.6;1160.4353;90314;97.866
9.62;46.3267;4557;62.308
10.7;411.7282;32219;90.493
4.86;7.0;586;0.0
16.2;388.0;30567;94.318
36.4;301.898;23376;93.947
18.3;568.2824;43856;93.954
23.6;2019.2931;151011;99.579
52.0;5380.482;418480;99.595
28.6;236.6151557;19344;96.78
18.6;117.1618;10500;89.6
10.3;284.9;22319;99.595
20.2;534.7616;41453;91.292
52.0;337.0;26245;97.95
13.3;210.283;16963;95.495
15.7;871.0;67458;98.866
21.0;196.0;96815;97.826
37.8;485.4556;38064;96.994
34.0;344.9321;26851;94.158
13.7;19.31846303;2840;46.403
34.5;706.7;55349;99.595
31.7;1373.6;104938;99.595
48.8;90.12470321;8609;87.637
4.46;1.0;92;0.0
16.6;98.67692205;9714;82.199
32.8;463.0;45212;95.281
9.82;135.62;11167;91.319
17.5;839.0;65088;99.595
61.2;337.1888;25718;93.114
22.2;1418.6789;106239;98.572
38.4;723.0971;54803;99.579
31.0;960.0887;72971;99.579
74.4;76.70584891;31893;95.141
20.4;403.1477;32876;98.82
68.6;372.0;28790;96.38
54.4;210.0;16385;93.328
25.2;347.3009;26370;93.114
81.8;57.37584858;25072;92.121
8.32;3.2529;271;2.856
20.2;715.0;56536;79.93
77.6;54.68280775;26440;90.549
27.1;928.4;71203;99.595
45.4;1102.3557;86547;97.866
9.34;33.8079;3358;45.992
9.1;208.5169;16662;86.078
23.6;738.6984;56692;99.579
16.9;644.0;77699;98.014
15.5;504.8;39944;98.679
31.1;1011.0;77530;99.595
36.4;48.07661439;6202;70.488
28.2;368.0;38307;93.302
24.7;578.4;44501;98.602
24.5;812.2;63890;99.595
54.3;1755.1987;136407;95.87
18.0;870.0;67143;97.933
31.8;2421.4466;180645;98.706
25.2;227.8439;17658;86.617
36.2;1405.6;109779;98.679
4.76;4.0;366;0.0
4.24;6.5314;542;0.0
14.2;93.56;7887;88.717
35.2;921.0;71609;98.743
21.8;586.6;45000;99.595
91.8;0.2146;17;0.0
22.2;1021.1266;79142;96.873
18.5;965.9;74718;99.595
19.7;632.9;50017;98.679
22.0;1023.3375;76664;98.706
29.2;920.5348;71193;96.994
41.2;369.4024;28110;95.027
2.2;257.0;3185;56.764
32.4;449.6656;34409;94.318
35.2;398.2242;31069;96.124
27.0;614.0;47623;97.95
13.1;40.23506003;4117;71.528
30.0;711.377;55322;96.873
53.2;79.24917232;8056;87.459
7.34;237.6781;18788;84.155
23.4;129.0091;10137;64.873
30.0;238.4639;18158;92.128
38.8;357.975;27683;99.579
29.4;411.0095;31990;90.86
13.3;500.2;38913;97.873
100.0;27.81623917;10461;88.827
22.2;170.0;17581;89.436
10.2;210.6778;16753;82.38
32.4;514.8791;39448;94.178
18.7;571.9163;44529;94.837
24.0;195.9339;15164;86.74
18.7;344.06;27284;97.743
37.2;1387.1499;106854;99.595
13.1;463.4237;34995;98.696
34.2;787.0;60929;97.82
32.2;583.0;45338;97.81
104.0;131.3372906;54078;93.947
28.2;936.006;72261;97.927
37.0;205.4261;15861;92.529
23.2;227.441;17309;86.182
69.5;999.0;76706;99.595
18.3;336.2712;26351;94.335
13.9;326.461;25840;89.633
13.2;118.7831;10662;92.111
57.2;190.7752;14575;88.804
11.4;178.8938;13833;92.288
14.1;352.5962;27543;90.439
7.38;19.2249;1839;15.958
20.6;1290.7019;96661;99.579
18.8;443.3;34132;99.595
23.8;555.0;43721;94.88
19.1;406.9;31434;97.95
32.2;181.0836371;15957;96.007
23.4;443.5793;33695;93.114
20.6;570.6008;44295;96.158
42.2;5.45811457;10198;51.426
62.8;47.62298097;22791;89.84
27.2;495.0;45771;96.793
32.4;114.9130522;11442;89.636
38.6;585.4183;45118;93.318
104.0;128.8408521;60400;92.954
56.8;633.0;48978;96.957
20.8;226.0;18014;85.931
45.4;442.82;35478;97.686
59.2;1103.1758;85278;97.866
36.4;212.5524864;19628;93.338
43.4;12.57813597;7936;70.317
48.2;195.4383507;16960;94.455
19.8;469.03;37168;98.679
31.8;138.6214;10700;91.399
2.36;24.0;1987;48.48
57.3;887.8;70008;99.595
29.2;144.0;14773;88.63
21.6;159.0;12860;92.018
30.6;1046.9527;80978;96.873
46.8;314.3858;24164;93.506
28.8;482.6249;37074;95.051
44.4;659.939;50949;96.994
20.8;950.932;73776;94.191
6.34;13.6894;1108;21.463
23.6;1222.4956;94616;95.987
36.8;655.968;50855;96.994
22.0;1295.5317;96931;98.572
1.43;564.52;44692;99.595
39.0;754.5796;57805;99.579
15.2;552.6378;41817;97.937
36.6;105.4447714;9929;84.955
16.5;642.7501;50665;96.719
44.2;1132.0;122984;99.595
38.0;1103.8866;85296;96.994
27.2;646.5065;49398;95.793
26.8;285.69;23082;96.061
20.9;573.0;44424;98.602
14.8;678.1918;51443;99.579
17.6;621.4;48026;99.595
1.74;1124.14;87920;99.595
55.4;659.3502;51089;95.057
17.0;370.6;28669;97.873
18.1;256.3147;19844;87.486
13.1;670.8682;50378;99.579
14.6;199.0;17323;96.719
18.0;1638.9482;122603;99.579
30.4;262.4965;20229;95.87
37.2;2524.9348;195468;97.866
22.0;598.8947;46586;94.358
6.12;125.4524;10045;55.426
11.8;528.6803;39480;97.154
28.8;284.7089;22821;99.579
15.1;127.563;11660;91.713
87.8;38.39892318;17041;89.8
3.38;33.0;10050;98.679
23.4;649.0;50380;98.602
9.5;429.8756;32540;96.395
43.6;444.2073;34078;98.706
33.4;426.4203;32414;93.114
44.0;964.0888;74500;98.01
48.6;267.5011;21135;98.706
40.6;45.5457312;22441;89.533
45.6;582.6927;45525;96.726
13.2;653.6999;50699;93.322
94.0;1793.43;142662;99.595
72.2;588.1098;46063;96.994
75.0;812.4758;63165;97.769
47.6;40.69029863;18759;92.643
32.6;426.0;33543;91.54
118.0;84.96993613;42547;92.86
31.2;161.7555429;15544;86.523
9.1;154.2377;11833;89.412
9.89;195.0;15956;94.308
16.9;964.5267;75559;99.579
12.1;463.2555;37088;98.696
11.8;208.0;50783;100.0
12.7;72.9441;7200;80.768
60.2;407.0;31571;98.68
44.4;173.05;13862;94.098
2.52;1134.31;88488;99.595
36.4;0.26258235;310;2.398
21.8;84.9511;6629;85.577
87.6;50.01688794;20953;89.616
41.0;173.7756;14474;99.579
19.6;195.7086;15068;88.74
29.9;915.0;92585;96.004
9.46;50.1618;4607;66.351
46.0;281.0;21886;96.957
46.6;574.8277;44376;96.994
58.6;89.08343644;37719;94.877
26.0;470.3481;36718;99.579
5.61;16.7;1298;19.386
16.2;457.9204;35125;93.305
21.2;200.3314;16069;97.037
65.8;65.90298632;29876;91.402
10.5;99.5;9039;90.121
59.0;37.2468983;17136;89.322
38.0;163.937732;14819;93.512
32.2;383.2145;29954;96.873
16.3;1917.7674;146296;99.579
21.8;735.0;60456;98.679
78.4;467.0;36214;98.68
50.6;569.6647;44084;96.994
19.5;464.5872;36100;96.081
58.0;281.0;21761;97.95
49.6;235.0261;17911;99.579
25.0;1354.0;104277;98.866
14.2;208.51;16593;87.67
36.2;566.1794;44039;97.646
15.0;87.8;9334;84.694
45.2;888.91;71405;96.104
19.2;665.6522;51682;94.198
10.3;286.75;22810;85.249
2.38;1124.92;87744;98.679
28.6;2993.3114;223467;99.579
16.3;8.4932;846;0.0
86.0;89.94739658;42009;93.088
33.0;275.2399;20944;91.553
58.4;553.017122;45573;97.82
21.6;325.2823;24951;94.114
45.6;690.9177;53896;98.679
14.4;78.0;6414;75.374
19.6;574.3;44342;99.595
10.0;482.6322;38166;91.613
24.0;1385.2869;107542;97.773
61.6;471.1816;35868;95.027
19.2;82.02;7502;86.523
14.7;738.5859;55643;99.579
74.2;745.0;57322;98.68
26.0;642.0635;50496;99.579
33.6;254.7039;20753;98.733
38.0;139.92576;11464;92.512
98.2;100.2412801;45072;95.171
12.4;150.0;12098;93.34
2.46;1192.24;92514;99.595
8.3;192.8674;14709;93.114
13.2;48.79453567;5754;71.732
42.2;934.3439;72175;99.595
20.8;496.7;39257;97.686
1.79;443.61;34646;95.974
25.8;472.0;46348;97.81
15.8;0.1127;9;0.0
20.0;130.029;11784;86.239
14.3;384.7;29773;77.337
23.8;633.5;48869;99.595
42.4;892.1534;67974;96.994
120.0;154.6834431;70919;96.994
14.8;227.5;18235;97.82
21.8;56.7945;5434;64.081
51.6;489.83;37443;99.579
17.0;424.0;32655;98.866
22.8;276.5117;21158;92.128
20.7;946.8;73015;99.595
40.2;131.2944855;10790;90.827
44.6;21.39688326;11541;76.989
23.4;0.402802394;451;5.856
17.0;228.2522;19613;96.255
15.8;449.6;34750;97.873
41.6;771.5766;59737;96.994
22.2;808.4;62054;99.595
41.2;565.0775;43735;96.994
33.6;1875.2235;140275;97.967
8.5;69.6276;6264;80.443
92.4;63.72420827;30104;91.262
11.4;45.4451;4691;56.252
20.2;421.0;32889;100.0
57.4;1779.1395;139503;97.866
39.0;796.4109;61254;99.579
4.52;519.15;41300;97.241
41.0;123.1493496;11421;89.79
17.1;141.2167;12532;94.743
42.8;31.8035983;17981;80.353
26.6;8.177039093;8727;63.171
54.2;369.8541283;29625;97.686
15.0;386.6259;30045;90.429
18.6;1190.0432;89313;99.579
48.8;726.6643;56171;96.994
30.6;154.9467;12410;96.234
16.4;127.4521;11855;93.034
24.6;718.0061;54735;95.763
71.6;450.6568;35492;95.281
24.1;1103.368;85612;95.87
10.7;436.1763;34582;90.369
5.86;227.1486;17703;88.924
5.08;1.0;93;0.0
66.6;802.19;63944;97.82
27.4;310.1709;23628;95.027
19.8;296.0;24993;96.826
23.6;612.0;47736;96.793
15.5;291.2;22585;97.873
11.1;540.0;42946;98.743
8.38;554.8749;43407;93.382
12.6;77.6533;7337;80.557
9.4;183.9;14230;93.971
25.6;658.0;50862;97.83
81.0;779.3379;60888;98.01
69.0;95.93719694;39151;93.947
39.0;256.0;27915;93.302
7.62;995.24;77772;97.793
13.7;210.0;25076;98.679
9.67;330.2;25803;98.743
37.0;303.5681035;25477;96.097
12.0;487.0571;38369;92.232
50.2;616.1653;47964;96.994
11.4;211.2;16489;96.228
40.5;188.4055;14692;83.336
17.8;179.2182;13760;91.014
26.6;1070.87;83630;96.977
31.4;574.0373;44649;96.02
21.4;780.0878;60518;97.866
59.0;60.8242;4908;69.832
28.0;114.0;10623;93.372
11.4;313.0461;23827;96.261
17.1;56.6701;5193;59.86
3.24;34.5;2841;73.705
10.3;143.2382;11091;91.178
25.0;186.4724;14305;84.985
18.3;200.5087;15364;86.115
37.8;172.5096;13378;86.831
19.0;261.1524;21532;95.495
54.8;431.555;33644;96.994
27.2;371.7476;28602;98.007
35.4;447.9016;34963;96.134
28.2;355.0;28126;96.1
38.4;147.4604;11314;77.246
15.5;549.0;42796;99.595
120.0;1344.2046;104185;98.896
16.0;263.0;22861;97.82
12.9;1082.471;81573;99.579
14.1;614.7251;48710;95.031
7.11;149.4;11573;93.476
7.44;79.5;20746;98.679
16.5;1278.33;99622;98.679
43.4;1014.3292;79173;97.866
43.8;636.8993;49174;96.994
30.4;423.0;33277;97.69
30.8;872.5513;67711;97.866
75.8;68.40587901;30422;92.262
16.3;663.1;51220;99.595
21.4;208.8734;16143;91.375
43.0;439.1184;34079;99.579
42.2;565.7891;43000;93.114
26.6;835.19;65502;98.679
8.32;626.88;49560;99.595
26.0;931.8;71377;98.679
58.8;625.04;49632;98.679
39.4;947.894;73270;96.994
24.2;996.9;77046;99.595
33.0;419.5216;32676;95.281
82.0;106.2739859;49704;94.017
14.6;418.2935;32047;92.128
8.72;149.0673;11684;78.046
28.6;161.0;12945;90.7
32.6;391.6248;30063;92.308
39.6;514.2185;39868;99.579
10.3;96.667;8267;91.108
45.4;212.0713;17046;99.579
26.2;260.0;20690;93.954
56.2;311.5648263;25884;96.034
33.0;174.1732;13527;89.466
41.2;47.78898438;22433;91.516
15.6;264.2531;20922;90.63
35.2;72.16085343;8819;66.569
15.7;319.0;24818;97.669
23.2;3179.0808;237154;99.579
22.0;723.4;55617;99.595
26.8;269.0;21322;96.83
41.4;443.1594;34241;99.579
58.2;295.7064;22593;90.666
18.1;442.1265;34304;91.292
34.2;1443.5489;113400;97.866
25.3;1817.0;139215;99.595
23.6;490.0;65312;100.0
25.8;923.0;70743;98.679
24.0;1248.2418;97343;97.014
29.6;371.0;29092;95.99
19.7;158.73;13214;96.154
11.2;748.0;60312;97.02
7.64;106.9175;8467;78.337
26.2;93.6798;8183;93.68
9.98;38.6259;3772;48.624
9.82;370.0;33444;97.82
44.2;685.823;53071;96.994
100.0;2753.7859;214227;97.927
28.8;747.3708;57750;96.994
25.6;892.8328;67941;98.706
20.4;1887.4068;141107;99.579
9.27;51.5;4223;61.027
13.5;768.0397;57601;93.924
39.8;207.0;20014;100.0
18.2;172.0;13652;93.49
21.3;977.8;77167;99.595
20.3;879.3;67691;98.679
21.2;490.5349;38000;96.158
47.0;509.6717;39899;96.134
34.8;274.023;21498;94.158
14.4;966.535;74932;98.706
71.2;94.5484734;42045;95.141
58.4;618.0;47510;97.84
33.4;1010.0;112368;96.121
22.8;591.6;45449;99.595
11.0;380.1532;28649;86.169
18.0;124.2666622;12296;87.694
50.4;542.0;41564;98.679
20.4;506.0;54792;94.378
22.6;145.383;11207;91.205
53.8;172.7818279;13547;93.338
17.7;548.4;42500;99.595
58.0;70.1;5910;76.751
19.7;587.9653;45749;96.141
38.4;324.0;25467;97.02
28.0;601.8984;46118;95.251
18.1;73.4513;5999;70.662
29.2;224.6071;18020;98.696
24.4;470.0;50106;93.302
40.4;403.6;32200;98.866
36.5;1056.6;82310;98.679
16.5;748.0;42609;98.679
17.6;626.2994;49268;98.706
52.0;546.6269;42583;96.994
14.4;191.0;18359;100.0
15.0;398.9;30842;98.602
39.0;49.59034211;7471;62.432
26.8;189.7177;14517;89.78
28.8;145.7564;12113;97.134
34.2;357.6158;27174;93.114
12.2;291.0002;22290;96.395
14.1;1124.0;87994;97.91
9.6;149.021;11737;74.193
33.8;477.5;36731;96.114
16.7;47.1753;4477;52.215
50.4;178.3108;14095;97.027
21.7;474.5;37703;98.679
39.6;195.7968097;19427;92.208
11.7;303.2301;23194;96.395
28.8;598.6593;46651;96.873
21.8;452.6802;36263;98.706
60.0;50.45868308;22164;92.094
32.8;591.5978;45001;99.579
69.0;68.11065779;29687;94.97
30.2;418.7209;32104;99.579
72.0;73.32006822;31149;93.325
8.38;99.7503;7751;70.548
37.2;1528.5244;118513;93.957
60.2;1336.22;105688;98.679
15.2;105.0615;9585;88.292
30.0;90.0749;7035;77.952
36.2;130.0;13091;92.044
3.18;5.8076;479;0.0
16.3;912.5582;71811;98.763
112.0;122.401866;55127;95.171
14.2;0.6042;48;0.0
22.8;592.32;47574;96.964
14.2;1026.1745;77026;99.579
76.7;1713.6603;133349;96.803
17.5;663.0;51594;99.595
30.8;831.9;65233;98.679
40.2;711.6616;55132;96.994
25.8;431.2918;33076;93.181
1.0;3.2119;251;0.0
22.2;412.0398;33846;97.064
11.2;719.4883;55812;93.389
13.7;444.0;37715;98.679
12.2;81.9;6842;83.18
23.4;512.5049;39774;96.994
8.28;148.8844;11830;75.27
47.2;546.9514;42102;96.893
50.2;643.4925;50060;96.994
28.0;330.0;34006;96.95
63.0;2494.5836;193270;97.913
15.8;835.1512;65748;97.382
10.4;1159.6106;90974;93.292
29.2;214.0;23596;93.954
9.14;9.9364;774;10.103
19.4;1400.541;104850;99.579
6.96;137.0;11737;90.259
1.46;694.34;54972;98.679
8.8;268.0;24996;96.104
6.9;7.7116;621;0.0
12.8;28.2798;2558;41.728
3.52;8.7019;727;2.271
16.6;926.862;69453;99.579
9.24;394.1;31170;97.686
26.0;1366.3199;106945;97.866
24.4;466.1;36946;99.595
44.6;719.034;54831;96.994
110.0;2998.2027;233031;98.943
29.4;218.9656;17334;97.937
36.0;391.0;36486;98.679
7.58;124.5704;9955;82.467
3.84;692.26;54468;98.662
20.3;689.0;53455;98.799
42.2;869.0;66713;97.69
69.2;551.5496;42078;95.994
14.0;418.0;34305;90.626
13.6;776.0;59642;56.456
13.0;18.0094;1873;10.079
35.8;202.7202;15505;93.094
41.0;656.395;50961;96.994
19.7;423.5801;32938;96.02
25.0;1927.7908;144138;99.579
18.7;1046.5146;81794;98.763
7.98;75.3415;6382;78.721
67.2;285.52;22967;93.516
45.8;58.23335451;23112;92.262
9.54;68.9509;5516;66.689
4.54;10.2902;814;5.635
30.4;690.9;52650;98.602
33.8;152.7628;11877;83.015
16.9;904.8084;67942;99.579
15.2;397.2439;31518;96.255
74.8;1600.2898;125317;97.866
11.2;682.6542;53837;93.071
95.2;97.00785874;40050;95.141
10.5;281.6426;22265;91.787
72.2;366.65;29651;98.679
46.0;231.0;18142;95.07
16.3;563.5;45316;98.679
5.45;39.9;3172;40.822
5.06;938.68;73872;97.82
37.2;330.0;32355;98.662
25.8;1083.353;81262;99.579
56.6;220.010835;18407;94.716
12.7;28.4394;3102;25.793
39.6;428.7427;33431;99.579
41.8;1297.0494;100746;93.904
24.2;480.8189;39214;99.579
37.4;194.802;15918;98.696
16.6;106.1497;8199;73.561
35.8;288.83;23276;98.662
45.2;83.5752;7180;92.335
25.6;345.9405;26416;92.262
8.97;250.6;19406;97.02
41.2;245.4328;19539;99.579
67.8;1138.6654;89350;97.866
18.2;321.9641;24609;91.519
1.83;868.43;68224;98.679
35.6;168.97;13328;62.847
31.4;471.8646;36604;96.014
18.3;177.3478;13955;71.598
8.46;508.63;40044;96.833
10.1;76.0;6678;81.918
42.4;593.1696;45852;96.994
23.8;391.648;30836;99.579
20.6;1083.2944;81077;99.579
23.6;630.4751;49019;96.873
34.6;1517.0;169821;98.743
42.0;461.3889;35831;96.994
60.4;202.3864161;15722;95.893
18.7;208.3537;17927;96.298
12.0;1158.0;90187;99.595
23.8;131.3897;10144;89.242
24.0;213.3768;16337;87.874
20.4;22.37156807;13997;79.885
3.54;1358.85;105910;98.679
73.8;637.6265;49635;94.79
40.2;12.47510283;15210;59.696
5.26;13.9186;1161;18.476
49.8;700.9408;53705;94.318
67.0;2351.95;186672;98.679
41.4;1422.7071;111756;97.014
4.24;5.0;402;0.0
4.52;40.0;3406;72.561
19.4;1249.8136;95731;95.903
33.4;450.1482;34708;99.579
15.2;244.8;18768;54.272
68.2;61.78701134;28655;92.115
55.0;318.0704;24196;93.114
29.8;256.6462;20571;99.579
15.9;174.7028;13306;85.276
35.4;364.9932;28751;96.84
20.0;478.0;37647;98.743
21.4;314.0;33588;95.281
102.0;143.8993078;57748;96.994
26.6;428.2236;33427;96.873
23.0;511.6139;39897;96.974
6.92;58.8629;4624;52.968
17.6;290.3592;22172;93.114
8.92;258.5;20058;97.02
13.2;59.3363;5780;77.919
24.0;538.7;42230;98.679
21.6;1046.7;80631;98.679
30.8;2472.1503;184597;99.579
37.2;516.6805;39852;95.87
18.1;218.4741;18379;96.395
21.4;0.124536;227;2.378
37.4;278.3703;21269;88.851
10.3;157.0;13836;94.121
57.8;378.092;28815;93.114
20.6;555.669;42740;93.195
15.3;911.0099;70120;94.97
71.4;79.54703541;35865;94.318
27.6;629.0;49201;94.97
20.0;338.8366;25830;92.262
7.68;2.0615;175;0.0
50.2;502.7471491;41833;97.82
36.6;204.0;19588;100.0
24.2;137.1578;11546;96.234
9.16;201.5688;15967;89.476
19.5;296.0;23871;96.097
86.9;626.4449;48897;93.265
32.8;258.7771;19713;94.174
20.8;667.5896;52146;99.579
8.3;326.58;25958;98.679
28.8;67.0;7175;100.0
84.6;851.9571;64831;96.994
17.2;67.79777949;6881;81.139
27.7;1228.2;94263;99.595
29.2;353.0;27210;96.004
16.7;13.9;1156;14.029
14.7;978.0;78877;99.595
8.39;176.6;13909;96.245
19.6;669.0272;51519;92.225
55.0;724.0;55994;98.68
36.2;291.688;22825;95.512
25.8;216.0;21830;89.663
52.4;455.8793;35202;93.947
23.8;1852.1939;138573;99.579
22.5;609.9;47955;98.679
89.0;83.03845768;34614;96.0
13.7;30.41189847;3131;62.261
2.02;1860.62;144434;98.679
27.8;725.0;78736;95.903
46.4;1252.3694;94912;98.706
64.4;423.0;32915;99.6
34.0;682.7;53404;98.679
13.2;83.0;6821;77.25
17.9;725.0;56183;98.743
35.4;514.0;59334;100.0
27.2;417.0;32847;95.987
12.7;359.6;28197;96.88
50.6;249.6626425;20661;94.338
15.6;514.3;39443;72.565
13.7;405.0;34210;99.595
15.5;84.2385;6539;71.789
18.3;72.4964;5775;74.598
5.6;1346.31;105100;98.679
52.2;267.4382838;23630;95.305
47.6;426.6478;33120;96.873
46.0;365.3437;28427;96.994
15.9;277.1592;22216;88.436
30.8;279.024;21794;94.158
98.4;10.62632512;5943;69.11
23.6;716.8;55162;98.679
45.6;288.3672;22063;93.114
40.6;389.4245059;32900;95.82
60.0;745.7099288;57774;98.679
30.3;1121.3;86187;99.595
13.8;428.0;33299;96.833
48.0;292.9122;22363;89.78
27.4;1360.151;101803;99.579
14.5;341.6071;27575;97.937
56.0;185.865766;15789;92.235
35.8;417.8013;32023;93.325
44.0;606.3464;46709;99.579
3.1;115.0;2761;97.82
34.2;933.0;105560;97.726
18.5;609.3539;47241;96.873
41.4;708.327;54837;96.987
47.8;575.3905;44721;98.662
8.19;360.2;28403;86.152
68.6;841.1643;63710;96.0
13.3;31.59967227;3481;62.99
10.2;59.31919874;6499;75.822
28.4;197.0582;15932;98.696
22.8;132.3899;11811;95.482
21.8;643.3632;50060;96.873
9.24;299.0;17889;97.719
49.6;338.8342;26022;93.114
7.5;62.9488;4935;61.425
20.9;919.0;71025;99.595
118.0;76.5558974;34974;94.873
28.4;183.6102;14613;98.696
34.4;681.7812;52400;94.318
30.6;834.7153;64587;96.994
11.5;197.0;16921;97.826
19.4;444.3358;33758;97.937
22.0;333.4325;26068;96.873
42.2;28.57054476;4543;50.791
52.2;1454.7302;113290;95.87
20.8;1161.3942;89975;95.191
33.4;32.0654115;17457;82.948
30.8;233.7201;17914;91.553
10.4;66.3397;5955;76.354
39.8;248.4003;19045;91.375
35.2;594.0887;46070;95.191
9.9;274.5733;20845;95.495
46.6;82.9408755;8140;86.242
20.2;46.0;5417;100.0
41.4;474.1567;37084;96.786
10.4;282.5227;22353;84.105
28.5;665.6;51019;99.595
9.8;610.4165;46406;66.749
17.9;206.0;16424;94.45
17.8;348.3;27716;95.97
81.0;351.307;26804;90.489
21.6;240.2511;20345;97.535
35.0;718.1806;54754;97.017
25.1;857.3;66070;99.595
14.3;224.0;21402;89.58
2.6;822.65;64532;98.662
33.2;587.6738;45793;91.141
16.5;846.8;65446;98.679
45.4;1004.2688;76813;98.706
33.2;239.9435;18391;86.954
21.4;71.3;5599;79.29
2.96;13.9091;1146;3.495
9.72;1654.08;126676;95.265
88.4;93.14740996;41271;92.262
41.0;860.3;67159;97.686
1.6;615.2;48526;98.679
18.8;386.4;30601;98.679
71.2;407.0913621;30323;96.826
8.76;97.0158;7658;70.98
36.6;372.1143;28972;94.79
12.6;233.0;19233;83.71
54.2;535.0638;41740;96.994
26.6;1227.901;95256;98.799
24.2;248.5788;19042;91.309
49.8;529.2077;40878;96.994
62.6;74.7706919;36980;95.87
16.4;567.8;45689;98.679
14.8;481.5031;37272;90.573
9.92;309.1;23931;98.866
41.8;560.4659;43741;96.994
12.8;340.5326;25868;96.93
51.2;109.4811557;44774;95.011
15.1;100.8126;9512;85.817
43.0;488.7336;38364;99.579
26.4;517.8511;39893;98.706
68.2;1393.8564;108573;95.87
6.6;34.0;2690;58.31
61.2;392.0819;30469;96.134
17.6;155.1798;12921;93.86
6.72;94.3;7425;47.34
15.1;85.97565462;9493;76.588
4.4;243.0;6785;98.679
5.06;7.1132;600;4.484
14.4;73.0326;6851;76.962
16.2;363.725;28257;93.318
32.6;341.4074;26124;89.78
44.4;41.53817343;18282;90.683
23.4;1295.5907;96894;99.579
28.8;179.0;17437;85.797
25.0;358.1696;27712;97.823
18.2;516.0;40262;99.595
37.6;678.7285;52377;99.809
53.0;605.121;46771;96.994
18.2;391.1;31559;97.686
12.0;302.9;24671;97.097
12.6;296.0;24090;96.93
51.0;146.7594221;14092;89.576
49.2;303.48;24670;96.826
40.4;803.898;62505;92.128
6.68;74.0827;5906;59.034
5.32;75.84;5862;44.37
96.6;3224.0988;249990;99.595
16.9;702.4232;52814;99.579
13.3;161.1819;14380;94.683
17.9;847.0;65308;99.595
21.2;359.0042;30473;98.696
14.8;614.0;48400;99.595
51.2;277.287931;20329;96.034
33.0;389.3883;30176;98.706
19.9;556.7396;44708;98.696
38.6;98.9311;7817;79.363
24.2;315.8013;24487;97.893
23.6;283.6442;21955;87.486
32.6;416.0;32651;96.87
40.6;364.1133;28708;99.579
18.4;645.8957;49493;93.238
10.8;111.0;8706;84.26
41.8;525.5079;40958;90.633
76.4;4423.6475;343889;98.799
80.5;1676.6998;130469;97.0
4.74;8.0;663;4.36
41.6;586.1945;45501;96.994
16.5;500.6;40411;98.679
21.4;1107.9716;85963;94.994
19.5;998.0;77228;99.595
27.6;532.8777;41536;94.198
21.2;280.6662;22863;96.234
33.4;1160.1306;90123;0.0
50.6;24.57753403;12770;85.908
21.6;190.4643;16284;96.385
39.4;392.1429;29898;93.83
94.0;80.78995419;37247;91.268
43.4;394.6885;29982;93.114
34.4;810.375;62871;97.01
14.7;331.4511;27849;96.255
31.2;1008.94;79542;99.595
25.6;814.2;62159;99.595
43.4;462.8964;36030;96.994
28.1;97.0;7688;89.76
12.7;90.0;8243;84.617
36.2;4.0;1048;16.072
7.52;258.0;22622;95.97
4.2;80.1;6722;98.679
25.4;300.0;31247;93.011
8.48;217.4663;17366;86.038
36.8;665.0;51573;96.32
36.4;169.9501;13077;85.172
26.1;740.5;57206;99.595
16.8;499.0;38728;80.326
12.3;539.0;44356;97.97
22.2;602.0;46222;98.866
77.2;31.61077484;14797;89.723
55.0;622.0;47961;98.68
33.4;1318.0;100864;98.669
25.2;177.0;14189;100.0
23.8;347.5806;27772;92.038
35.4;827.0;64078;98.662
14.2;211.3958;18594;96.311
21.3;664.9;50994;98.602
21.4;111.0;9171;87.96
94.2;111.0131091;46644;95.141
67.6;35.17687189;17053;89.536
6.84;171.0;15492;98.014
3.54;2.0;151;0.0
26.8;1515.4435;117015;99.595
36.4;904.5168;69858;96.124
4.44;733.19;57842;98.676
55.8;254.0;19900;95.131
16.2;707.0;54605;99.595
28.6;752.0;73082;97.81
35.4;422.982;32589;95.194
11.3;356.9;27798;98.602
2.28;5.0;499;100.0
38.4;1867.11;147256;98.679
58.2;452.0;34949;96.96
12.2;4527.92;355600;98.662
16.8;246.0;19699;93.298
21.5;699.7;53901;98.733
12.5;95.7536;8957;86.74
14.6;490.0;38112;98.679
6.5;121.2;10923;91.302
17.6;299.0;24800;96.897
59.8;41.43373575;19302;91.409
35.6;266.0435;20960;99.579
43.2;566.2481356;43824;98.679
22.2;148.0;14268;100.0
9.22;99.2352;7965;67.572
22.2;518.1;41222;98.679
24.4;362.0;29146;98.68
37.4;315.2629;24713;95.141
7.8;466.7507;36547;87.811
5.52;1143.5;88990;97.82
66.4;47.70280574;20499;91.456
19.0;683.9972;53156;95.987
61.5;745.3678;58238;96.803
106.0;92.47741029;43285;94.482
12.0;96.5979;7823;81.43
27.8;354.0;35639;96.141
28.6;462.4;36384;99.595
44.8;810.0;77781;99.595
24.8;244.7351;18704;89.78
60.2;45.01023309;19793;90.549
2.02;945.06;73956;99.595
22.8;137.0;13479;88.851
6.36;117.0667;9171;80.44
27.0;133.0004347;11524;91.686
31.2;807.3497;62613;96.994
7.22;1397.28;108050;98.679
31.4;232.6642;18348;97.937
81.0;606.1493161;51889;95.833
12.3;212.0092;18217;96.298
19.9;40.1597833;4379;70.786
22.8;30.28033977;4313;59.138
11.8;268.9809;20554;95.495
54.2;193.5000836;16195;92.155
9.1;325.0;27949;92.927
15.3;248.934;21277;96.887
21.6;352.3531;27060;86.824
40.0;349.5495;27116;96.994
29.0;455.678;34892;93.302
64.8;370.2589;28909;96.134
66.4;912.2746;69014;95.141
2.16;1038.53;81456;97.82
6.28;692.88;54612;98.669
42.8;379.4713;29480;96.726
22.2;1845.0;141972;99.595
13.1;26.54335685;2782;59.509
42.2;16.48667358;8612;77.056
7.68;140.0;11771;78.263
90.2;88.47376517;45045;96.134
4.32;5.9504;499;0.0
42.2;515.0;40288;98.68
32.4;831.8753;64798;96.873
